{
    "altitude_idx_std": 3,
    "altitude_std": 1050,
    "alt_axis": [
        150,
        450,
        750,
        1050,
        1350,
        1650,
        1950,
        2250,
        2550,
        2850,
        3150,
        3450,
        3750,
        4050,
        4350,
        4650
    ],
    "alpha_stdalt": 0.95,
    "years": [
        2013,
        2014,
        2015,
        2016,
        2017,
        2018
    ],
    "months": [
        11
    ],
    "days": [
        1,
        2,
        3,
        4,
        5,
        6,
        7,
        8,
        9,
        10,
        11,
        12,
        13,
        14,
        15,
        16,
        17,
        18,
        19,
        20,
        21,
        22,
        23,
        24,
        25,
        26,
        27,
        28,
        29,
        30
    ],
    "hours": [
        0,
        1,
        2,
        3,
        4,
        5,
        6,
        7,
        8,
        9,
        10,
        11,
        12,
        13,
        14,
        15,
        16,
        17,
        18,
        19,
        20,
        21,
        22,
        23
    ],
    "location": "Hachijo_Jima",
    "mu4": [
        [
            -2.2274438858225123,
            -0.7139540267681725,
            2.3343965865079443,
            0.260869398773531
        ],
        [
            -2.022381712839892,
            -1.7268672612446978,
            2.2413224523694666,
            0.2351930036103505
        ],
        [
            -1.5857757054477573,
            -1.1464877521902475,
            2.2989535780326915,
            0.533747033911944
        ],
        [
            0.0,
            0.0,
            2.3343965865079443,
            0.260869398773531
        ],
        [
            1.3722949716856472,
            0.7445334285243336,
            2.2675464037240527,
            0.9258974758813758
        ],
        [
            3.1429439153020122,
            0.7814223045369655,
            1.7115758159847825,
            0.343829972854405
        ],
        [
            4.091622203373939,
            1.0497857890958573,
            2.2052302418494607,
            0.17547425049312806
        ],
        [
            5.5256670370072785,
            1.0817637628850052,
            2.057390067266102,
            -0.3637403469173617
        ],
        [
            6.513058624184999,
            0.3541750982646842,
            1.99420658827981,
            0.5568882654279171
        ],
        [
            7.468574085600807,
            1.1741813493827462,
            2.8782725342563253,
            0.048343557872865935
        ],
        [
            9.131178373089183,
            1.6148021651755196,
            2.225001937832823,
            0.2201217854696908
        ],
        [
            11.082604196254762,
            1.0119110752552338,
            1.746643169111705,
            0.2262329056673654
        ],
        [
            12.7709723480821,
            0.7756805086317876,
            1.3160016862428854,
            0.3209216994375873
        ],
        [
            13.679640662620688,
            1.8858427788876388,
            2.249451659694404,
            0.6182674446549306
        ],
        [
            15.505763980367384,
            1.7415226858607855,
            1.725075966455165,
            0.4671416474040655
        ],
        [
            16.906708717851618,
            2.7010444160178597,
            1.9888273138090722,
            0.2238983038882329
        ]
    ],
    "sigma4": [
        [
            [
                33.548808561487334,
                -2.9879941746602765,
                -48.01395816089966,
                -3.5497330857554057
            ],
            [
                -2.9879941746602765,
                23.823815909822507,
                3.1737394107577863,
                -27.298571574096087
            ],
            [
                -48.01395816089966,
                3.1737394107577863,
                74.85808652289238,
                10.125647465102757
            ],
            [
                -3.5497330857554057,
                -27.298571574096087,
                10.125647465102757,
                38.52636226304581
            ]
        ],
        [
            [
                9.345735473107618,
                0.06525290790334445,
                -8.10326302442778,
                1.250414119618067
            ],
            [
                0.06525290790334445,
                11.44563520836563,
                10.382261156603949,
                -3.929494075580105
            ],
            [
                -8.10326302442778,
                10.382261156603949,
                75.94508308020941,
                9.778694698375377
            ],
            [
                1.250414119618067,
                -3.929494075580105,
                9.778694698375377,
                37.732654534744704
            ]
        ],
        [
            [
                5.488865860243387,
                1.3861141586598538,
                1.250851361048977,
                0.5156928913142479
            ],
            [
                1.3861141586598538,
                6.426974838134401,
                5.976472338101271,
                0.09998543336434779
            ],
            [
                1.250851361048977,
                5.976472338101271,
                74.33149823699422,
                14.382228324826015
            ],
            [
                0.5156928913142479,
                0.09998543336434779,
                14.382228324826015,
                30.469236596301364
            ]
        ],
        [
            [
                0.0,
                0.0,
                0.0,
                0.0
            ],
            [
                0.0,
                0.0,
                0.0,
                0.0
            ],
            [
                0.0,
                0.0,
                74.85808652289238,
                10.125647465102757
            ],
            [
                0.0,
                0.0,
                10.125647465102757,
                38.52636226304581
            ]
        ],
        [
            [
                5.468278319050697,
                0.9192868636566572,
                -8.056169943800704,
                -2.860970860174687
            ],
            [
                0.9192868636566572,
                5.052313603302928,
                -5.471515739067331,
                -5.390828385953091
            ],
            [
                -8.056169943800704,
                -5.471515739067331,
                72.46162136215786,
                16.917983719412423
            ],
            [
                -2.860970860174687,
                -5.390828385953091,
                16.917983719412423,
                39.16326552836805
            ]
        ],
        [
            [
                13.194919507567217,
                2.548044172213052,
                -17.428579932152147,
                -4.375470490411108
            ],
            [
                2.548044172213052,
                12.179330855191381,
                -3.9586632142148073,
                -9.633691860993634
            ],
            [
                -17.428579932152147,
                -3.9586632142148073,
                79.54504362926845,
                10.13204237001863
            ],
            [
                -4.375470490411108,
                -9.633691860993634,
                10.13204237001863,
                37.75111676938779
            ]
        ],
        [
            [
                16.720893678416502,
                3.2026099138694097,
                -18.277333484395196,
                -4.423626685078572
            ],
            [
                3.2026099138694097,
                17.192105421843678,
                -2.3321530074049486,
                -11.283269121486748
            ],
            [
                -18.277333484395196,
